<repositories>
	<repository>
		<id>confluent</id>
		<url>http://packages.confluent.io/maven/</url>
		<releases>
			<enabled>true</enabled>
		</releases>
		<snapshots>
			<enabled>true</enabled>
		</snapshots>
	</repository>
</repositories>

<dependency>
	<groupId>org.apache.avro</groupId>
	<artifactId>avro</artifactId>
	<version>1.10.2</version>
</dependency>
<dependency>
	<groupId>io.confluent</groupId>
	<artifactId>kafka-avro-serializer</artifactId>
	<version>6.2.0</version>
</dependency>

<build>
	<plugins>
		<plugin>
			<groupId>org.apache.avro</groupId>
			<artifactId>avro-maven-plugin</artifactId>
			<version>1.10.2</version>
			<executions>
				<execution>
					<phase>generate-sources</phase>
					<goals>
						<goal>schema</goal>
					</goals>
					<configuration>
						<sourceDirectory>${project.basedir}/src/main/resources/</sourceDirectory>
						<outputDirectory>${project.basedir}/src/main/java</outputDirectory>
					</configuration>
				</execution>
			</executions>
		</plugin>


	</plugins>
</build>