<plugins>
	<plugin>
		<groupId>org.apache.maven.plugins</groupId>
		<artifactId>maven-antrun-plugin</artifactId>
		<version>1.7</version>
		<executions>
			<execution>
				<phase>validate</phase>
				<goals>
					<goal>run</goal>
				</goals>
				<configuration>
					<tasks>
						<echoproperties />
					</tasks>
				</configuration>
			</execution>
		</executions>
	</plugin>
</plugins>



<plugins>
	<plugin>
		<groupId>org.apache.maven.plugins</groupId>
		<artifactId>maven-antrun-plugin</artifactId>
		<version>3.1.0</version>
		<executions>
			<execution>
				<id>compile</id>
				<phase>compile</phase>
				<configuration>
					<target>
						<echo message="Project Name: ${project.name}" />
					</target>
				</configuration>
				<goals>
					<goal>run</goal>
				</goals>
			</execution>
		</executions>
	</plugin>
</plugins>