<build>
	<plugins>
		<plugin>
			<groupId>com.bharath</groupId>
			<artifactId>projectinfo-maven-plugin</artifactId>
			<version>0.0.1-SNAPSHOT</version>
			<executions>
				<execution>
					<goals>
						<goal>info-renderer</goal>
					</goals>
				</execution>
			</executions>
			<configuration>
				<scope>test</scope>
			</configuration>
		</plugin>
	</plugins>

</build>

<properties>
	<maven.compiler.source>16</maven.compiler.source>
	<maven.compiler.target>16</maven.compiler.target>
	<java.version>16</java.version>
</properties>